{
  "hash": "48debd25",
  "configHash": "d4ecd3db",
  "lockfileHash": "8f8a8b55",
  "browserHash": "4f5afe94",
  "optimized": {
    "@angular/cdk/bidi": {
      "src": "../../../../../../node_modules/@angular/cdk/fesm2022/bidi.mjs",
      "file": "@angular_cdk_bidi.js",
      "fileHash": "00504bdc",
      "needsInterop": false
    },
    "@angular/cdk/scrolling": {
      "src": "../../../../../../node_modules/@angular/cdk/fesm2022/scrolling.mjs",
      "file": "@angular_cdk_scrolling.js",
      "fileHash": "e7ec55be",
      "needsInterop": false
    },
    "@angular/cdk/text-field": {
      "src": "../../../../../../node_modules/@angular/cdk/fesm2022/text-field.mjs",
      "file": "@angular_cdk_text-field.js",
      "fileHash": "08ba81df",
      "needsInterop": false
    },
    "@angular/common": {
      "src": "../../../../../../node_modules/@angular/common/fesm2022/common.mjs",
      "file": "@angular_common.js",
      "fileHash": "fe86a621",
      "needsInterop": false
    },
    "@angular/core": {
      "src": "../../../../../../node_modules/@angular/core/fesm2022/core.mjs",
      "file": "@angular_core.js",
      "fileHash": "f54a86bc",
      "needsInterop": false
    },
    "@angular/forms": {
      "src": "../../../../../../node_modules/@angular/forms/fesm2022/forms.mjs",
      "file": "@angular_forms.js",
      "fileHash": "db189dde",
      "needsInterop": false
    },
    "@angular/material/button": {
      "src": "../../../../../../node_modules/@angular/material/fesm2022/button.mjs",
      "file": "@angular_material_button.js",
      "fileHash": "c6d67f24",
      "needsInterop": false
    },
    "@angular/material/card": {
      "src": "../../../../../../node_modules/@angular/material/fesm2022/card.mjs",
      "file": "@angular_material_card.js",
      "fileHash": "3b693235",
      "needsInterop": false
    },
    "@angular/material/core": {
      "src": "../../../../../../node_modules/@angular/material/fesm2022/core.mjs",
      "file": "@angular_material_core.js",
      "fileHash": "f416dc1e",
      "needsInterop": false
    },
    "@angular/material/datepicker": {
      "src": "../../../../../../node_modules/@angular/material/fesm2022/datepicker.mjs",
      "file": "@angular_material_datepicker.js",
      "fileHash": "01c33831",
      "needsInterop": false
    },
    "@angular/material/input": {
      "src": "../../../../../../node_modules/@angular/material/fesm2022/input.mjs",
      "file": "@angular_material_input.js",
      "fileHash": "8ae4c1e4",
      "needsInterop": false
    },
    "@angular/material/radio": {
      "src": "../../../../../../node_modules/@angular/material/fesm2022/radio.mjs",
      "file": "@angular_material_radio.js",
      "fileHash": "ed769796",
      "needsInterop": false
    },
    "@angular/material/select": {
      "src": "../../../../../../node_modules/@angular/material/fesm2022/select.mjs",
      "file": "@angular_material_select.js",
      "fileHash": "8e49d074",
      "needsInterop": false
    },
    "@angular/material/snack-bar": {
      "src": "../../../../../../node_modules/@angular/material/fesm2022/snack-bar.mjs",
      "file": "@angular_material_snack-bar.js",
      "fileHash": "48f1d19c",
      "needsInterop": false
    },
    "@angular/platform-browser": {
      "src": "../../../../../../node_modules/@angular/platform-browser/fesm2022/platform-browser.mjs",
      "file": "@angular_platform-browser.js",
      "fileHash": "1f125409",
      "needsInterop": false
    },
    "@angular/platform-browser/animations": {
      "src": "../../../../../../node_modules/@angular/platform-browser/fesm2022/animations.mjs",
      "file": "@angular_platform-browser_animations.js",
      "fileHash": "37b44199",
      "needsInterop": false
    },
    "@angular/router": {
      "src": "../../../../../../node_modules/@angular/router/fesm2022/router.mjs",
      "file": "@angular_router.js",
      "fileHash": "c4badfab",
      "needsInterop": false
    }
  },
  "chunks": {
    "chunk-Y6FX2FFI": {
      "file": "chunk-Y6FX2FFI.js"
    },
    "chunk-52UPJEFC": {
      "file": "chunk-52UPJEFC.js"
    },
    "chunk-OIBNGD5S": {
      "file": "chunk-OIBNGD5S.js"
    },
    "chunk-TC4NXMEZ": {
      "file": "chunk-TC4NXMEZ.js"
    },
    "chunk-ZKA5VYFD": {
      "file": "chunk-ZKA5VYFD.js"
    },
    "chunk-QVXZP4UU": {
      "file": "chunk-QVXZP4UU.js"
    },
    "chunk-AWD5EUQY": {
      "file": "chunk-AWD5EUQY.js"
    },
    "chunk-V6CESAHL": {
      "file": "chunk-V6CESAHL.js"
    },
    "chunk-TRXFRM5N": {
      "file": "chunk-TRXFRM5N.js"
    },
    "chunk-G3CGLY6Y": {
      "file": "chunk-G3CGLY6Y.js"
    },
    "chunk-MDVQJ7N7": {
      "file": "chunk-MDVQJ7N7.js"
    },
    "chunk-GZPFHWMX": {
      "file": "chunk-GZPFHWMX.js"
    },
    "chunk-ZE7Q6M4I": {
      "file": "chunk-ZE7Q6M4I.js"
    },
    "chunk-Y3ARKBNI": {
      "file": "chunk-Y3ARKBNI.js"
    },
    "chunk-ZLMKMD2Z": {
      "file": "chunk-ZLMKMD2Z.js"
    },
    "chunk-GRDQA24O": {
      "file": "chunk-GRDQA24O.js"
    },
    "chunk-YHHXPU5I": {
      "file": "chunk-YHHXPU5I.js"
    },
    "chunk-UH4YYHH4": {
      "file": "chunk-UH4YYHH4.js"
    },
    "chunk-AMRKMRGR": {
      "file": "chunk-AMRKMRGR.js"
    },
    "chunk-2O4WY5GE": {
      "file": "chunk-2O4WY5GE.js"
    },
    "chunk-UVGRKKT2": {
      "file": "chunk-UVGRKKT2.js"
    },
    "chunk-2WY3OEV2": {
      "file": "chunk-2WY3OEV2.js"
    },
    "chunk-YKSR6SZ2": {
      "file": "chunk-YKSR6SZ2.js"
    },
    "chunk-6RPVFMC6": {
      "file": "chunk-6RPVFMC6.js"
    },
    "chunk-C4WKR4ZQ": {
      "file": "chunk-C4WKR4ZQ.js"
    },
    "chunk-QJJ3J7L6": {
      "file": "chunk-QJJ3J7L6.js"
    },
    "chunk-MDK6RRHS": {
      "file": "chunk-MDK6RRHS.js"
    }
  }
}